schema,take_key,segment,output_frame,source_video_frame,rgb_device_timestamp_us,cmavatar_target_timestamp_ns,mocap_low_frame_counter,mocap_high_frame_counter,interpolation_alpha,alignment_row_sha256,candidate_translation_world_x_mm,candidate_translation_world_y_mm,candidate_translation_world_z_mm,rear_proxy_formula,rear_proxy_modifies_delivered_joints,raw_left_root_x,raw_left_root_y,raw_right_root_x,raw_right_root_y,rear_proxy_left_world_x_mm,rear_proxy_left_world_y_mm,rear_proxy_left_world_z_mm,rear_proxy_right_world_x_mm,rear_proxy_right_world_y_mm,rear_proxy_right_world_z_mm,rear_proxy_left_x,rear_proxy_left_y,rear_proxy_right_x,rear_proxy_right_y,z37_left_root_x,z37_left_root_y,z37_right_root_x,z37_right_root_y,pair_image,automated_evidence_not_subjective_pixel_gt,z37_is_2d_counterexample_not_recommended_global_fix
gt_calib.mocap_wrist_semantics_audit_frame.v1,01,01_210814_Take_000,105,165,1788008899954139,1788008900318903808,392370,392371,0.15413006780921862,344f9771f3f01b5fd8b24781523387ad0a6e715cd65641a6c0d9205647b8d2a7,0.0,0.0,37.0,wrist - 0.8 * (middle_mcp - wrist),false,1327.346433109271,631.5944457424324,728.4134388830653,613.4560622352394,-254.25134766387228,128.36109349660956,242.42655201854026,139.59793613344397,118.00934794426487,262.21639086149185,1307.1218358571582,568.2871111511962,737.0586112588327,556.5236243237508,1330.2746452623335,576.9125505689233,720.4551482911098,561.3693133333636,01_output0105_source0165_raw-rearproxy-z37.png,true,true
gt_calib.mocap_wrist_semantics_audit_frame.v1,01,01_210814_Take_000,314,374,1788008906941310,1788008907306308864,393208,393209,0.6609728183118742,b327edf2453fdf2ea076f52b562ff15b8bf94957b0fe3cc5e33ab66d0f3c871e,0.0,0.0,37.0,wrist - 0.8 * (middle_mcp - wrist),false,1337.538424768836,616.813308349445,714.4445411147173,608.7346258850322,-254.68998575107298,130.1880997596566,250.56723251502146,142.34194683834053,123.36892494420603,266.9395316280401,1308.9349713435188,558.0407756178887,730.3911575178581,553.27372176484,1340.7232178688523,561.3095093264606,706.135864779999,556.0093366426029,01_output0314_source0374_raw-rearproxy-z37.png,true,true
gt_calib.mocap_wrist_semantics_audit_frame.v1,01,01_210814_Take_000,524,584,1788008913961549,1788008914326783488,394051,394052,0.1361659513590844,ad725823e26f87b41e7c409e14d644fa310c0737f79e434eba3878f44200f723,0.0,0.0,37.0,wrist - 0.8 * (middle_mcp - wrist),false,1333.6592289202572,617.6541593886725,725.150599183524,630.8015012787454,-256.3543902317597,139.5111379055794,268.0726359313305,139.73225466666665,130.63911201144492,267.5399136194564,1315.9255977531607,538.4582773958897,731.2449718261564,556.193904577885,1336.784291800147,561.8692993099897,717.108074063854,578.7079644106191,01_output0524_source0584_raw-rearproxy-z37.png,true,true
gt_calib.mocap_wrist_semantics_audit_frame.v1,01,01_210814_Take_000,734,794,1788008920981851,1788008921347321600,394893,394894,0.6190244600200258,6768c5b2e6e60bcfcdfb8ad4d9b4f40d0850f4a759aab7690f11e30b25d45025,0.0,0.0,37.0,wrist - 0.8 * (middle_mcp - wrist),false,1331.8517367788197,626.9732872245056,716.0485630018172,615.1779298407653,-257.38298097554,121.67198622800737,244.4986587955943,146.8055432184237,117.32074749821197,268.85925305678734,1309.845668997196,561.5154304931752,726.044374539158,547.8268834418762,1334.8465203973,572.7171910335363,707.9140691496046,563.4237463943381,01_output0734_source0794_raw-rearproxy-z37.png,true,true
gt_calib.mocap_wrist_semantics_audit_frame.v1,01,01_210814_Take_000,943,1003,1788008927969252,1788008928334957312,395732,395733,0.15353361945636623,854f3be67fe9dc73922ca80f6aa0430fe15d334356b737800234fc1a189d8bfa,0.0,0.0,37.0,wrist - 0.8 * (middle_mcp - wrist),false,1333.613692607942,606.8914988694482,713.5222049356646,601.3750188896872,-257.34615697854076,126.21379837482114,258.1786969957081,146.01915858082972,120.90792688984264,276.3538212989985,1312.2205392941296,545.1122015423545,724.3007258801724,539.7170258890969,1336.7302136352585,551.4262494971879,705.2170929950786,548.7156007231494,01_output0943_source1003_raw-rearproxy-z37.png,true,true
gt_calib.mocap_wrist_semantics_audit_frame.v1,01,01_210814_Take_000,1153,1213,1788008934990134,1788008935356074496,396574,396575,0.7059799713876967,a1e097a1fd8cb5b726312cb7f14807acba4db5a1b156c374f83c8a3b93b7a826,0.0,0.0,37.0,wrist - 0.8 * (middle_mcp - wrist),false,1350.7429590176348,602.6244957144563,713.1629867325458,596.3838234680361,-275.2931574706723,117.07327575393418,243.60502259227465,153.41193056366237,116.75107209155938,272.1189239256081,1335.5430648347062,559.2559001367273,716.4664796442325,543.5945307214072,1354.1692289833643,547.5377766260217,704.8768683121891,543.8424688686473,01_output1153_source1213_raw-rearproxy-z37.png,true,true
gt_calib.mocap_wrist_semantics_audit_frame.v1,01,01_210814_Take_000,1363,1423,1788008942010481,1788008942376657152,397417,397418,0.19415753483448256,8e98da6f63ace83c77f6dbd248f3965914987a36977a4b998cca9148bcb8fb9f,0.0,0.0,37.0,wrist - 0.8 * (middle_mcp - wrist),false,1343.3997795698554,589.2103493016667,698.0487020617388,596.1071728923358,-255.77427217533116,131.82698624932044,282.0408113301479,150.24697875883382,128.6509742096078,292.62466833567,1313.3494022941297,514.4297354336496,712.0246086836821,521.9835377565175,1346.772471615361,532.9044729993675,689.3822322577687,542.9448806086411,01_output1363_source1423_raw-rearproxy-z37.png,true,true
gt_calib.mocap_wrist_semantics_audit_frame.v1,01,01_210814_Take_000,1572,1632,1788008948997668,1788008949364078848,398255,398256,0.7029841778489886,3fb2844b9e94b1839d077b839bc3805d11f5d532bbd299b3582ebf3e01824283,0.0,0.0,37.0,wrist - 0.8 * (middle_mcp - wrist),false,1321.5824545458295,605.6288624093263,723.189311290329,598.7506481321595,-256.78028407770876,113.70193462847985,247.77771644302024,149.98057168035248,105.56212365311437,261.12720204285995,1306.5346558306564,552.6903362753865,727.5125814724654,552.02114177811,1324.416378920233,551.1506005007199,715.2223687685954,547.0965558538126,01_output1572_source1632_raw-rearproxy-z37.png,true,true
gt_calib.mocap_wrist_semantics_audit_frame.v1,02,02_210955_Take_001,108,108,1788008999210318,1788008999578439936,404281,404282,0.5626323319027182,5ed5f774430bbdd1cd11f6cbe23d3575fda3352abfb1377589051026819d33f4,0.0,0.0,37.0,wrist - 0.8 * (middle_mcp - wrist),false,1366.626305391339,571.9440670950157,708.8312101868898,579.0096651135258,-278.77754559084406,127.2827970701002,276.720390260372,154.74742635765375,113.43633080400572,287.207820783977,1347.4883552893752,518.2855963642193,712.7956247278759,522.0270949397884,1370.525694559368,514.7596181937611,700.4403978533039,526.1608902009662,02_output0108_source0108_raw-rearproxy-z37.png,true,true
gt_calib.mocap_wrist_semantics_audit_frame.v1,02,02_210955_Take_001,325,325,1788009006465082,1788009006833446400,405152,405153,0.18183118741058654,541879a2813fea32527b447cc6297b3c431f782bb4105a8bbbbbd2df21f62f75,0.0,0.0,37.0,wrist - 0.8 * (middle_mcp - wrist),false,1382.7776189091467,555.2275833175374,710.9352746632508,577.0122443327491,-285.08467327610873,142.8889453218884,313.8101452360515,146.63981796852642,134.57627313304727,314.0932920171674,1367.5074638935764,471.2306605178131,710.2124651569322,495.07146810066024,1387.1085848485013,496.6772064785691,702.4124516462857,523.0686274276242,02_output0325_source0325_raw-rearproxy-z37.png,true,true
gt_calib.mocap_wrist_semantics_audit_frame.v1,02,02_210955_Take_001,541,541,1788009013686681,1788009014055288064,406018,406019,0.8212303290414878,c6aa97996387e265567902beeb946fdf1aa81a543a50c2a71e46deeb3c3a8579,0.0,0.0,37.0,wrist - 0.8 * (middle_mcp - wrist),false,1358.33020173789,572.7416800135335,712.2477024311428,582.3467496995893,-275.6876056423462,117.55948496709586,267.3470818655221,151.3323172074392,111.10118654077256,277.9357728984263,1338.2107221470612,526.6724899605229,720.2953216363375,532.9700452175285,1362.0079309257594,516.4297403614335,703.942410828775,529.6678169290487,02_output0541_source0541_raw-rearproxy-z37.png,true,true
gt_calib.mocap_wrist_semantics_audit_frame.v1,02,02_210955_Take_001,758,758,1788009020941504,1788009021310354688,406889,406890,0.44765528883293754,7655be672959858ff6b995d40ce2e1fe038f13ab751967f10657178f541e1607,0.0,0.0,37.0,wrist - 0.8 * (middle_mcp - wrist),false,1351.3356586228301,582.8915848486243,725.6716777830692,593.363719987733,-274.4450299676691,100.84824786129151,250.56227377757435,146.5847060684959,97.00507731395385,263.3168629166547,1329.0429902221267,541.1308877337508,734.7327414955196,544.6990659112444,1354.7534316715014,528.3896760587991,717.8227264800471,542.1370425911351,02_output0758_source0758_raw-rearproxy-z37.png,true,true
gt_calib.mocap_wrist_semantics_audit_frame.v1,02,02_210955_Take_001,974,974,1788009028162222,1788009028531314176,407755,407756,0.9810613646116435,16b92c8ec58ea12cc4c9cea5f0d4cf95c942c8858d18b36d5ec22cd71e49d6ba,0.0,0.0,37.0,wrist - 0.8 * (middle_mcp - wrist),false,1332.8513083951327,579.5573705796502,732.407275662133,584.1216068312909,-264.5519946731512,104.65846817908741,264.32866293234156,144.37967046774426,99.73715229866974,281.4984924846231,1316.4243538763794,524.886133718772,733.2700749800626,522.3705690575857,1335.9378220069818,524.82970227463,724.6468617156664,532.600278776901,02_output0974_source0974_raw-rearproxy-z37.png,true,true
gt_calib.mocap_wrist_semantics_audit_frame.v1,02,02_210955_Take_001,1191,1191,1788009035417120,1788009035786455040,408626,408627,0.6164058252982747,78af5491e30aeaaef1d1e1d37e11944fe586fb800e9466d30b57ff052b46cb5f,0.0,0.0,37.0,wrist - 0.8 * (middle_mcp - wrist),false,1341.3329421627586,560.0327656021303,716.5664088356577,579.0744919797506,-266.7146417269892,118.9392660982518,291.62620796543735,150.7928895196132,105.9556551972762,287.81886240737026,1326.7061545962158,493.57220614196814,720.9738386470456,517.3865897180875,1344.7054050479896,503.52515466945425,708.422034456429,526.884214150824,02_output1191_source1191_raw-rearproxy-z37.png,true,true
gt_calib.mocap_wrist_semantics_audit_frame.v1,02,02_210955_Take_001,1407,1407,1788009042637903,1788009043007479808,409493,409494,0.15779233784441074,001b7afb11312fda477e004bc706682c9eb06e9bb4b1bd3e14585362a851e2ab,0.0,0.0,37.0,wrist - 0.8 * (middle_mcp - wrist),false,1342.6022730882542,577.1811036094329,710.2147814698349,584.5655980846497,-263.07282349002895,112.74602455437615,262.15628869560237,156.82171529856083,103.23333571571624,276.20401804240225,1316.74444782719,532.1132809145107,716.075070315931,531.6509744822777,1345.9307782374517,521.5340693331162,701.99151492493,532.6574182309424,02_output1407_source1407_raw-rearproxy-z37.png,true,true
gt_calib.mocap_wrist_semantics_audit_frame.v1,02,02_210955_Take_001,1624,1624,1788009049892548,1788009050262368768,410363,410364,0.7628612303290415,34c9ccbfe2f593600ae9ea3891d40dcd123ca7b0ea52d8b9438c396dc206c36b,0.0,0.0,37.0,wrist - 0.8 * (middle_mcp - wrist),false,1338.3383130911855,576.6571924637179,716.8093086646259,588.2280959325719,-255.60776187696712,116.49653424892705,281.0164446809728,144.49311797424892,114.52459237768238,290.9895392961373,1307.8467924490712,508.14715149693484,725.8604916749933,516.937443443727,1341.5806717150494,521.0933690047102,708.6293689678103,535.8629909727559,02_output1624_source1624_raw-rearproxy-z37.png,true,true
gt_calib.mocap_wrist_semantics_audit_frame.v1,03,03_211139_Take_002,108,111,1788009103515460,1788009103887082496,416798,416799,0.8609442060085837,41906064096378b6696859ec6a00cc170f8c0e1c1199fb49de267c2413ed6101,0.0,0.0,37.0,wrist - 0.8 * (middle_mcp - wrist),false,1357.3833779587767,607.1916508500344,726.8623535487392,606.4605875414065,-268.96421270386264,123.42438111587984,250.16146386266095,139.50189888412018,116.5819653218884,267.3187236051502,1328.6110155686738,554.0831971712785,736.7125721917187,549.0830486881395,1360.9571431348004,551.7309667625334,718.8643705506,554.2390753485791,03_output0108_source0111_raw-rearproxy-z37.png,true,true
gt_calib.mocap_wrist_semantics_audit_frame.v1,03,03_211139_Take_002,324,327,1788009110736438,1788009111108301056,417665,417666,0.4268383404864092,df268bd38da4b029bf5e9f52d4c227f10b214f0c2293b4fad31d0937cc6824fb,0.0,0.0,37.0,wrist - 0.8 * (middle_mcp - wrist),false,1390.342153723573,556.557442143621,671.0850803490803,580.7536484380506,-300.23548914449213,118.9202345636624,293.91599544492135,188.66067414020026,122.32488121316175,293.83211329327605,1379.6267211659297,488.07142650679833,660.3678793612746,519.384130840901,1394.6908299150218,499.71676578306176,661.9555727032831,527.6964579164968,03_output0324_source0327_raw-rearproxy-z37.png,true,true
gt_calib.mocap_wrist_semantics_audit_frame.v1,03,03_211139_Take_002,540,543,1788009117957792,1788009118329894656,418532,418533,0.03773854825326886,2a995a1032f84450d3a7895247c5128a1460dbf400d5b6232698ca098d6378e8,0.0,0.0,37.0,wrist - 0.8 * (middle_mcp - wrist),false,1360.4553773997604,576.4020674687039,710.2454324725811,573.7751264139143,-281.0249320992246,89.73760361649168,250.5370338073303,154.20739971388514,101.4432943320649,282.73916607822383,1334.9907683674132,535.0868037142673,718.9990803268876,522.098487458982,1364.0094051801,522.5048240490551,701.9912507668314,521.5750225498062,03_output0540_source0543_raw-rearproxy-z37.png,true,true
gt_calib.mocap_wrist_semantics_audit_frame.v1,03,03_211139_Take_002,756,759,1788009125179067,1788009125551409920,419398,419399,0.6392560801144492,718648a3eaeea567a2559b2c5dd33ab192503d4848b06d663557bfe68ccf704c,0.0,0.0,37.0,wrist - 0.8 * (middle_mcp - wrist),false,1374.6113219219267,581.8509168600052,702.8455440163511,595.3829580487684,-282.13211884406303,110.81878284406295,277.8231873648068,160.86864149928465,112.510136148784,278.6866803204577,1346.5331368670277,508.1909395040817,706.4579730692295,533.19659072723,1378.500021033396,526.8935279658424,694.4465128782226,543.3112470137177,03_output0756_source0759_raw-rearproxy-z37.png,true,true
gt_calib.mocap_wrist_semantics_audit_frame.v1,03,03_211139_Take_002,971,974,1788009132366809,1788009132739390976,420261,420262,0.21665236051502146,38b0bc399d896c8d974e0d31d083994310acc9bda3247cbdf990270ce387481d,0.0,0.0,37.0,wrist - 0.8 * (middle_mcp - wrist),false,1383.296724741165,569.4581279712293,700.0366565825036,581.3224170525718,-293.37068223175964,94.39628903004292,264.90046454935623,163.40197654935622,108.84930314163094,285.0001869184549,1356.3443357142773,517.2964331978452,703.0906001672724,523.1994389224125,1387.3299617743137,514.8807563858861,691.5628592124724,528.9857044117584,03_output0971_source0974_raw-rearproxy-z37.png,true,true
gt_calib.mocap_wrist_semantics_audit_frame.v1,03,03_211139_Take_002,1187,1190,1788009139587874,1788009139960695040,421127,421128,0.7929100741037453,54a130c4fe78806f802aac7e868d78a890268577765ea3637a787a20bb708ad2,0.0,0.0,37.0,wrist - 0.8 * (middle_mcp - wrist),false,1368.6863360166212,550.2609706680029,710.0246533513807,560.1805181134265,-279.83513274584425,102.82488908471859,286.8665101141598,151.03727037852994,116.63013118365711,308.4187317444422,1340.7882438976078,491.77628311451355,712.3092288006808,494.76493570316876,1372.5465958164866,494.4548484942355,701.5593100362435,506.55452859958547,03_output1187_source1190_raw-rearproxy-z37.png,true,true
gt_calib.mocap_wrist_semantics_audit_frame.v1,03,03_211139_Take_002,1403,1406,1788009146809125,1788009147182185984,421994,421995,0.3915021459227468,e4b8dea5bd18916e48ecd239ddb561303ef2d0b0c60e4b55c8629cd90f2d57d8,0.0,0.0,37.0,wrist - 0.8 * (middle_mcp - wrist),false,1386.1318451389957,568.2874771757765,688.6097081460107,578.702438996851,-295.10281129613736,102.44548377682403,276.93487742489265,171.43431146781114,115.33848985407727,292.03819939914166,1363.1877846315151,504.52889359068473,687.8392484327162,517.4302731049553,1390.259407919592,513.1771478433003,679.8505449821838,525.8900897641478,03_output1403_source1406_raw-rearproxy-z37.png,true,true
gt_calib.mocap_wrist_semantics_audit_frame.v1,03,03_211139_Take_002,1619,1622,1788009154029984,1788009154403285248,422860,422861,0.9430982692032613,209a098afafa41f14ef745fab28ec5a03957759400447b5d524526f33e193386,0.0,0.0,37.0,wrist - 0.8 * (middle_mcp - wrist),false,1400.986604249332,560.982842761471,682.722800047774,580.0497676229252,-312.7016416478329,89.82079983407243,271.70846370476335,182.3806317379488,111.60940217422402,284.9269031268774,1384.4086025129563,504.5924953105511,675.8373217588073,525.679215009427,1405.3523895007881,506.44692428280257,673.9164272424294,527.6160426419202,03_output1619_source1622_raw-rearproxy-z37.png,true,true
